id,title,parentId,isActive,created_at,updated_at
1,Car Repair,NULL,1,2022-08-01 18:49:33,2022-08-01 18:49:33
2,Car Service,NULL,1,2022-10-25 16:07:22,2022-10-25 16:07:22
87,Propesct Refund,NULL,1,2022-11-01 16:53:54,2022-11-01 16:53:54
88,Water Utility,NULL,1,2022-11-01 16:53:54,2022-11-01 16:53:54
89,Broker,NULL,1,2022-11-01 16:53:54,2022-11-01 16:53:54
90,Administrative,NULL,1,2022-11-01 16:53:54,2022-11-01 16:53:54
91,Contractors - Electrical,NULL,1,2022-11-01 16:53:54,2022-11-01 16:53:54
92,Advertising,NULL,1,2022-11-01 16:53:54,2022-11-01 16:53:54
93,Restaurant,NULL,1,2022-11-01 16:53:54,2022-11-01 16:53:54
94,Contractors - General,NULL,1,2022-11-01 16:53:54,2022-11-01 16:53:54
95,Realtor,NULL,1,2022-11-01 16:53:54,2022-11-01 16:53:54
96,Contractors - Dry Wall,NULL,1,2022-11-01 16:53:54,2022-11-01 16:53:54
97,Auto ,NULL,1,2022-11-01 16:53:54,2022-11-01 16:53:54
98,Garage Door,NULL,1,2022-11-01 16:53:54,2022-11-01 16:53:54
99,RETAILER,NULL,1,2022-11-01 16:53:54,2022-11-01 16:53:54
100,General Maintenance,NULL,1,2022-11-01 16:53:54,2022-11-01 16:53:54
101,Suppliers - General,NULL,1,2022-11-01 16:53:54,2022-11-01 16:53:54
102,Pest Control,NULL,1,2022-11-01 16:53:54,2022-11-01 16:53:54
103,HVAC,NULL,1,2022-11-01 16:53:54,2022-11-01 16:53:54
104,Window Coverings,NULL,1,2022-11-01 16:53:54,2022-11-01 16:53:54
105,Contractors - HVAC,NULL,1,2022-11-01 16:53:54,2022-11-01 16:53:54
106,Pool Services,NULL,1,2022-11-01 16:53:54,2022-11-01 16:53:54
107,TXRE Agent,NULL,1,2022-11-01 16:53:54,2022-11-01 16:53:54
108,Contractors - Plumbing,NULL,1,2022-11-01 16:53:54,2022-11-01 16:53:54
109,Plumbing,NULL,1,2022-11-01 16:53:55,2022-11-01 16:53:55
110,Maintenance Supplies,NULL,1,2022-11-01 16:53:55,2022-11-01 16:53:55
111,Application Refund,NULL,1,2022-11-01 16:53:55,2022-11-01 16:53:55
112,Utilities - Water,NULL,1,2022-11-01 16:53:55,2022-11-01 16:53:55
113,Makeready Services,NULL,1,2022-11-01 16:53:55,2022-11-01 16:53:55
114,Cleaning Service,NULL,1,2022-11-01 16:53:55,2022-11-01 16:53:55
115,Title Company,NULL,1,2022-11-01 16:53:55,2022-11-01 16:53:55
116,Home Owners Association,NULL,1,2022-11-01 16:53:55,2022-11-01 16:53:55
117,Employee,NULL,1,2022-11-01 16:53:55,2022-11-01 16:53:55
118,Insurance Agent,NULL,1,2022-11-01 16:53:55,2022-11-01 16:53:55
119,Appliance Repair,NULL,1,2022-11-01 16:53:55,2022-11-01 16:53:55
120,Foundatin Repair,NULL,1,2022-11-01 16:53:55,2022-11-01 16:53:55
121,Carpet Cleaning,NULL,1,2022-11-01 16:53:55,2022-11-01 16:53:55
122,Inside Agent,NULL,1,2022-11-01 16:53:55,2022-11-01 16:53:55
123,Travel,NULL,1,2022-11-01 16:53:55,2022-11-01 16:53:55
124,Home Warranty,NULL,1,2022-11-01 16:53:55,2022-11-01 16:53:55
125,Credit Card,NULL,1,2022-11-01 16:53:55,2022-11-01 16:53:55
126,Electric Utility,NULL,1,2022-11-01 16:53:55,2022-11-01 16:53:55
127,Parking,NULL,1,2022-11-01 16:53:55,2022-11-01 16:53:55
128,Tenant Screening,NULL,1,2022-11-01 16:53:55,2022-11-01 16:53:55
129,Lawn Care,NULL,1,2022-11-01 16:53:55,2022-11-01 16:53:55
130,Tenant,NULL,1,2022-11-01 16:53:55,2022-11-01 16:53:55
131,Tax,NULL,1,2022-11-01 16:53:55,2022-11-01 16:53:55
132,Contractor,NULL,1,2022-11-01 16:53:56,2022-11-01 16:53:56
133,General Applicant,NULL,1,2022-11-01 16:53:56,2022-11-01 16:53:56
134,Plumber,NULL,1,2022-11-01 16:53:56,2022-11-01 16:53:56
135,Contractors - Landscaping,NULL,1,2022-11-01 16:53:56,2022-11-01 16:53:56
136,Professional Services,NULL,1,2022-11-01 16:53:56,2022-11-01 16:53:56
137,Contractors - Roofing,NULL,1,2022-11-01 16:53:56,2022-11-01 16:53:56
138,Resteraunt,NULL,1,2022-11-01 16:53:56,2022-11-01 16:53:56
139,APPLIANCE,NULL,1,2022-11-01 16:53:56,2022-11-01 16:53:56
140,Telephone,NULL,1,2022-11-01 16:53:56,2022-11-01 16:53:56
141,Contractors - Windows,NULL,1,2022-11-01 16:53:56,2022-11-01 16:53:56
142,Suppliers - Stone,NULL,1,2022-11-01 16:53:56,2022-11-01 16:53:56
143,Banking - General,NULL,1,2022-11-01 16:53:56,2022-11-01 16:53:56
144,Client HOA,NULL,1,2022-11-01 16:53:56,2022-11-01 16:53:56
145,Contractors - Miscellaneous,NULL,1,2022-11-01 16:53:56,2022-11-01 16:53:56
146,Sales Listing Client,NULL,1,2022-11-01 16:53:56,2022-11-01 16:53:56
147,Municipal Utility,NULL,1,2022-11-01 16:53:57,2022-11-01 16:53:57
148,Non Managed Owner,NULL,1,2022-11-01 16:53:57,2022-11-01 16:53:57
149,Suppliers - Windows,NULL,1,2022-11-01 16:53:57,2022-11-01 16:53:57
150,Blinds,NULL,1,2022-11-01 16:53:57,2022-11-01 16:53:57
151,Evicition Court,NULL,1,2022-11-01 16:53:57,2022-11-01 16:53:57
152,Flooring,NULL,1,2022-11-01 16:53:57,2022-11-01 16:53:57
153,Contractors - Painting,NULL,1,2022-11-01 16:53:57,2022-11-01 16:53:57
154,Gas Utility,NULL,1,2022-11-01 16:53:58,2022-11-01 16:53:58
155,Client Mortgage,NULL,1,2022-11-01 16:53:58,2022-11-01 16:53:58
156,Alarms,NULL,1,2022-11-01 16:53:58,2022-11-01 16:53:58
157,Utilities - Communications,NULL,1,2022-11-01 16:53:58,2022-11-01 16:53:58
158,Owner,NULL,1,2022-11-01 16:53:59,2022-11-01 16:53:59
159,Fencing,NULL,1,2022-11-01 16:53:59,2022-11-01 16:53:59
160,Advertising:Web Development,NULL,1,2022-11-01 16:54:00,2022-11-01 16:54:00
161,Cleaning Service:Junk Removal,NULL,1,2022-11-01 16:54:00,2022-11-01 16:54:00
162,Utilities - Waste Management,NULL,1,2022-11-01 16:54:00,2022-11-01 16:54:00
163,Glass and Mirror,NULL,1,2022-11-01 16:54:01,2022-11-01 16:54:01
164,Locksmith,NULL,1,2022-11-01 16:54:01,2022-11-01 16:54:01
165,Suppliers - Tiling,NULL,1,2022-11-01 16:54:01,2022-11-01 16:54:01
166,Client Tax,NULL,1,2022-11-01 16:54:02,2022-11-01 16:54:02
167,Granite Material,NULL,1,2022-11-01 16:54:02,2022-11-01 16:54:02
168,Utilities - Gas & Electric,NULL,1,2022-11-01 16:54:03,2022-11-01 16:54:03
169,Services - Photography,NULL,1,2022-11-01 16:54:03,2022-11-01 16:54:03
170,Photographer,NULL,1,2022-11-01 16:54:04,2022-11-01 16:54:04
171,Mold,NULL,1,2022-11-01 16:54:05,2022-11-01 16:54:05
172,Contractors - Fencing,NULL,1,2022-11-01 16:54:05,2022-11-01 16:54:05
173,Bath Resurfacing,NULL,1,2022-11-01 16:54:06,2022-11-01 16:54:06
174,Email Provider,NULL,1,2022-11-01 16:54:08,2022-11-01 16:54:08
175,Refinishing,NULL,1,2022-11-01 16:54:08,2022-11-01 16:54:08
176,storage,NULL,1,2022-11-01 16:54:08,2022-11-01 16:54:08
177,Suppliers - Lumber,NULL,1,2022-11-01 16:54:08,2022-11-01 16:54:08
178,Software,NULL,1,2022-11-01 16:54:10,2022-11-01 16:54:10
179,General Maintenance:Metal gate Reoair,NULL,1,2022-11-01 16:54:10,2022-11-01 16:54:10
180,Leak Detectors,NULL,1,2022-11-01 16:54:13,2022-11-01 16:54:13
181,Paint Supplies,NULL,1,2022-11-01 16:54:14,2022-11-01 16:54:14
182,Utility Provider,NULL,1,2022-11-01 16:54:14,2022-11-01 16:54:14
183,Contractors - Paving,NULL,1,2022-11-01 16:54:14,2022-11-01 16:54:14
184,Suppliers - Plumbing,NULL,1,2022-11-01 16:54:15,2022-11-01 16:54:15
185,Management Company,NULL,1,2022-11-01 16:54:16,2022-11-01 16:54:16
186,Health Insurance,NULL,1,2022-11-01 16:54:17,2022-11-01 16:54:17
187,tolls,NULL,1,2022-11-01 16:54:17,2022-11-01 16:54:17
188,Amd,NULL,1,2022-11-01 16:54:18,2022-11-01 16:54:18
189,Coaching,NULL,1,2022-11-01 16:54:19,2022-11-01 16:54:19
190,Flower Shop,NULL,1,2024-07-30 06:13:41,2024-07-30 06:13:41
191,Furnitures,NULL,1,2024-07-30 06:13:44,2024-07-30 06:13:44
192,House cleaning/Make Ready,NULL,1,2024-07-30 06:13:45,2024-07-30 06:13:45
193,Contractors - Flooring,NULL,1,2024-07-30 06:13:50,2024-07-30 06:13:50
194,Charity,NULL,1,2024-07-30 06:13:52,2024-07-30 06:13:52
195,Machinery,NULL,1,2024-07-30 06:28:33,2024-07-30 06:28:33
